date,customer_id,age_group,address,product_subclass,product_id,quantity,asset,price
2001-01-17,1786118,C ,F ,100310,4710706211759,1,80,88
2000-11-12,232012,C ,E ,500108,4718433613679,1,8,12
2000-11-12,928724,E ,E ,130315,4714981010038,2,56,42
2000-11-12,20220,E ,F ,760538,4711093030107,1,56,69
2000-12-03,945844,E ,D ,100218,4710176023098,1,60,75
2000-11-15,47951,D ,E ,120203,4711634002747,1,92,119
2001-01-14,1858136,G ,E ,300704,4710094002861,1,265,375
2001-01-26,961707,D ,E ,100325,8888420881162,1,66,76
2000-11-19,1688689,C ,F ,100401,9300605710078,1,223,229
2000-11-02,1975420,C ,E ,120103,4711524000419,1,17,20
2000-11-22,1653946,E ,E ,100312,37000445111,1,38,45
2000-11-05,1528466,F ,C ,100323,4715874000600,1,30,35
2001-02-11,1157932,D ,E ,760561,4719111313102,1,20,29
2000-12-16,2152936,D ,E ,110201,4712500150104,1,74,81
2001-02-10,1412895,E ,G ,500806,4713489518640,1,135,189
2000-12-06,1580662,G ,F ,500804,9310022530500,1,657,799
2001-02-10,2108865,D ,F ,560350,4711800114120,1,35,55
2001-02-11,1839265,D ,F ,500201,4710908110362,1,131,139
2001-01-22,545747,B ,E ,130208,4710088432476,1,11,13
2001-01-26,2041513,C ,E ,100218,4710176011194,1,14,18
2001-02-07,1522433,B ,F ,520510,4713697106646,1,62,92
2001-02-09,1546071,C ,E ,500202,4710114362029,2,152,164
2001-01-21,557726,E ,A ,100505,4710128030020,1,17,21
2001-01-13,1073348,D ,D ,100210,8851019430522,1,16,25
2001-01-23,1475289,E ,D ,100505,4710018004605,2,70,74
2000-12-09,1770872,C ,E ,100205,4710015103370,1,70,85
2000-11-03,1846904,K ,H ,130304,47100312,4,32,42
2000-12-16,1379198,E ,C ,110513,48001271333,1,95,120
2000-12-07,1940176,J ,E ,530215,4710084126355,1,228,299
2001-01-11,1753813,E ,F ,110518,4710626844358,1,79,88
2001-02-23,2115702,A ,E ,530407,4710060000099,2,60,38
2001-01-31,2146263,C ,E ,110810,4710063121500,1,94,114
2001-02-08,1701463,E ,F ,100102,7622200002672,1,66,69
2001-02-28,678872,B ,H ,100205,4710467221196,1,50,65
2001-01-21,340441,E ,F ,320201,4719174999640,2,118,118
2000-11-28,1723007,C ,F ,120103,4710011432825,1,26,30
2001-01-22,2099446,B ,E ,730706,4716859000660,1,850,936
2001-01-30,2134871,A ,F ,130108,4718752200024,1,27,35
2000-12-31,2133874,D ,G ,110119,4711258007371,1,131,155
2000-12-09,2029498,E ,G ,110119,4710626213314,1,23,27
2000-11-05,1658613,D ,B ,560204,4710032501791,5,295,310
2000-11-16,1596984,D ,F ,560102,4053800081034,1,160,179
2001-02-07,595216,F ,E ,110108,4710311703014,2,188,132
2000-11-12,1032406,D ,H ,500903,4712076005402,1,25,39
2001-02-05,2146256,H ,E ,120106,4710011402033,2,44,46
2001-02-28,1940954,F ,F ,130106,4710583110015,1,18,18
2000-11-19,1643343,G ,D ,500303,4714854888863,1,25,36
2001-02-25,2043364,E ,E ,110507,4710172030069,1,22,27
2001-01-28,138512,D ,F ,740106,4715398385672,1,80,119
2000-11-28,1953343,D ,F ,110118,4710012131130,1,35,33
2001-01-07,753876,E ,C ,130111,4710160003013,1,63,79
2001-02-08,1431889,K ,A ,130206,4710101203342,1,70,90
2000-11-25,1086034,C ,E ,110102,4712031000565,1,31,39
2001-02-28,1320145,D ,D ,110411,4710088412126,2,48,60
2001-01-20,2171333,A ,C ,110401,4710088410139,1,48,54
2001-02-28,1612042,D ,A ,500202,4710114362029,1,100,115
2001-02-27,1450941,F ,E ,100201,4712019100591,1,35,42
2000-11-27,198653,C ,F ,110118,4710012142136,1,31,34
2001-01-21,2084770,F ,G ,100440,4710126170148,1,39,47
2000-12-04,1246094,K ,G ,100106,4710047504343,2,26,36
2000-12-03,967082,D ,E ,100312,37000445111,1,33,47
2001-01-12,35866,F ,C ,500804,9310022724305,5,45,85
2001-02-06,1933567,C ,E ,110401,4710088410610,1,19,26
2001-01-14,1954173,C ,E ,120103,4710321790509,1,72,76
2001-01-27,1341164,E ,E ,100205,4710047512539,1,68,85
2000-11-24,1572827,E ,E ,130207,4710105011011,1,28,30
2001-02-08,1712070,F ,E ,110207,4710943100427,2,24,32
2001-02-28,308472,G ,H ,100217,4712466002011,1,17,22
2001-01-10,2170503,F ,C ,100205,4710640109709,1,19,25
2000-11-06,103541,I ,E ,520470,4711713010380,1,160,229
2001-01-18,929684,F ,E ,110217,4719090900065,1,150,118
2000-12-13,1807721,F ,E ,100431,4712067899218,6,522,594
2001-01-14,1840957,D ,F ,110805,4710110855129,1,53,54
2000-12-11,1012392,K ,F ,100205,4712934000204,1,21,28
2001-01-02,529297,D ,D ,110106,4711271000472,1,42,50
2000-11-03,917605,C ,F ,110401,4710249002005,1,40,55
2001-02-15,1328028,D ,E ,110118,4710883000061,1,39,48
2001-01-07,836364,D ,E ,100205,4710085120703,3,57,66
2001-02-06,504256,E ,E ,530103,4710032604812,2,208,258
2000-11-19,1811346,D ,C ,530105,4710168702079,1,97,118
2000-12-17,140867,G ,H ,130205,4710105046013,1,46,55
2001-02-25,581943,C ,E ,560102,4710032502828,1,115,135
2001-01-19,1516227,F ,D ,530411,37000922919,2,472,398
2000-11-05,716475,E ,E ,110507,4710626622857,1,106,115
2001-01-22,1797558,F ,D ,100106,4014400901573,1,97,108
2000-12-14,2041155,D ,E ,731301,4714692202999,1,100,132
2001-02-15,187213,E ,E ,110403,4710175565711,1,33,48
2001-02-07,1492576,F ,C ,110501,4711856000125,1,9,10
2001-01-21,336154,E ,E ,530101,4710054145324,1,210,279
2000-12-14,1802313,H ,E ,110401,4710579101003,1,35,42
2001-01-21,1317343,F ,E ,130204,4710063312212,1,112,117
2000-12-14,1893168,F ,E ,500210,4710104111569,1,92,97
2001-01-19,1710311,G ,C ,130206,20557003,1,84,99
2001-01-19,1361384,D ,C ,100507,4710088424778,1,42,45
2001-01-01,862486,C ,E ,530301,4710552061447,1,71,99
2000-11-02,920971,E ,E ,530408,4713089001009,2,88,84
2001-02-09,902229,D ,F ,100325,4711527066689,1,42,52
2001-01-13,1560091,E ,E ,110401,4710249002005,1,39,52
2001-02-08,763844,C ,F ,110517,4710057510013,1,102,129
2000-11-26,422772,D ,E ,530405,4710363604000,1,34,38
2001-01-13,1160802,F ,C ,300709,4902430489010,1,378,458
2000-11-06,1556360,C ,G ,520133,4711713140285,1,58,82
2001-02-11,674393,C ,F ,110811,4710626111351,1,62,81
2001-01-22,1846195,K ,H ,130208,4710088434104,1,19,23
2001-01-19,1885767,E ,C ,100311,4710022101208,1,187,198
2001-02-05,1500370,C ,F ,500203,4710114606048,1,80,87
2001-01-20,2091211,D ,F ,110136,4710254049521,1,34,35
2001-01-18,1008104,D ,E ,110116,4710097110402,1,20,26
2001-02-21,1368208,E ,E ,100201,4710247006562,1,63,79
2001-01-13,709095,A ,E ,560405,4710498126200,1,120,135
2000-11-24,339070,F ,E ,100201,4710247006593,1,63,62
2001-01-01,1405897,C ,H ,720210,4717205062622,1,82,120
2000-12-23,5517,G ,E ,110410,4710088411792,1,24,28
2001-01-18,1637328,D ,C ,500102,4718433614737,1,42,63
2001-01-23,2113579,C ,E ,100505,4710018008733,1,62,72
2000-12-16,1545319,I ,E ,500201,4712425010712,1,112,159
2000-12-18,1451115,C ,C ,711305,2110129000480,1,33,47
2001-02-11,1612103,D ,F ,530408,4710094004711,1,148,179
2001-01-18,1980387,D ,E ,560401,4710043355437,2,558,590
2000-12-10,1471243,C ,E ,560322,2200058000368,1,204,299
2000-11-26,1970265,C ,E ,530101,4902430488068,1,85,100
2000-12-16,1504323,C ,F ,110136,4710088410207,1,44,55
2000-12-31,307024,F ,F ,530105,4710168705056,1,96,82
2000-12-18,1599039,C ,F ,100510,4710126152014,1,41,55
2001-02-26,321433,E ,F ,110403,4711123400023,1,38,48
2001-02-10,678018,D ,F ,530407,9300615013008,1,41,59
2001-01-29,427159,F ,E ,110118,4710012131130,2,70,84
2001-02-28,2179605,B ,G ,530406,4710303280172,1,88,95
2001-02-28,1607055,E ,E ,500805,4714005055335,1,78,119
2001-02-06,266444,G ,F ,130204,4710063312083,2,78,90
2000-12-27,2126883,F ,C ,130106,4710583350701,2,20,24
2000-11-14,667234,D ,F ,130204,4710105015118,1,94,95
2001-01-18,1860399,D ,F ,130106,4710583350985,2,20,25
2001-02-19,338509,J ,E ,130315,4713985863121,1,25,13
2000-12-16,1294910,E ,H ,100102,4901638025938,1,85,108
2001-02-24,1832112,C ,G ,100503,4710105080123,2,106,144
2000-12-15,1343748,D ,E ,130303,4710046031529,1,40,49
2000-11-11,838351,F ,E ,100209,4710304130124,1,26,33
2000-11-14,1462135,F ,G ,500501,4719859760909,1,160,229
2000-12-03,1784275,D ,C ,530301,4710186065019,1,87,109
2001-02-28,1641561,D ,C ,501002,20069162,1,74,105
2000-12-30,1873177,E ,F ,760135,4714082270041,1,65,89
2001-02-05,934305,D ,C ,760210,2100157002372,2,28,38
2001-02-25,1795202,D ,D ,110401,4710249001992,1,44,55
2001-02-03,1185676,C ,F ,120106,4710321871260,1,21,22
2000-11-13,1949919,E ,F ,530405,4710530033039,1,64,69
2000-11-26,2064000,B ,E ,100510,4710063315312,1,223,259
2000-11-06,219891,H ,E ,110401,4710088410443,1,40,55
2000-12-30,1688115,C ,D ,100325,8888420881162,1,66,59
2000-11-08,1163636,F ,F ,110405,4712598000015,3,111,141
2001-02-21,1710366,J ,E ,130315,4714981010038,2,50,26
2001-01-26,194631,C ,F ,520473,2230124000107,2,18,26
2001-01-04,188005,E ,G ,730144,4712297205506,1,14,20
2000-12-04,1598421,D ,E ,120105,4719090105002,1,25,37
2001-01-27,2136479,D ,G ,130204,4710088434593,1,114,125
2000-12-31,434102,D ,E ,130204,4710105015125,1,77,88
2000-11-11,1941388,E ,E ,130106,4710583110015,1,18,28
2000-12-31,1398816,C ,E ,510518,8006330676047,1,168,249
2001-02-14,1245714,G ,F ,110117,74261160506,2,128,106
2000-11-05,950527,F ,F ,120103,4711524000457,1,17,21
2001-02-20,1708219,C ,F ,100403,4710498234202,1,209,199
2000-11-08,2032504,D ,E ,100440,4710160001071,1,58,85
2001-02-20,86370,C ,E ,100206,4934567392871,1,36,50
2001-01-24,2172446,C ,D ,100311,4710022101208,2,374,396
2001-01-03,90643,E ,E ,120101,4719090301039,1,42,52
2000-11-14,1960976,D ,G ,100218,4710022239598,1,55,68
2001-02-20,1450545,D ,E ,520228,4710017005252,1,29,42
2001-01-15,1487510,I ,E ,110501,7231254801515,1,31,38
2000-12-10,1552171,C ,F ,100309,4710740600090,1,72,95
2001-02-05,35866,F ,C ,110127,4710063041372,1,32,45
2000-11-27,534260,F ,H ,110411,4710085120628,1,20,25
2000-11-09,1277111,C ,F ,120103,4710011406123,2,46,58
2000-11-24,1880885,D ,E ,120102,4710011408011,1,25,32
2001-02-19,889667,B ,F ,530408,4710094004711,1,148,179
2001-02-04,1548020,D ,G ,100102,4714686400394,1,73,95
2000-11-28,1036121,D ,E ,760135,4714082270041,1,64,59
2001-02-19,2080291,F ,H ,500107,4718433614829,1,18,26
2000-11-06,1224436,C ,E ,130308,4710670200308,1,17,22
2001-01-17,2133447,B ,G ,300716,4719860710221,2,60,98
2001-02-09,1469455,C ,F ,110117,4710012143157,2,68,84
2001-02-25,1856477,B ,G ,100205,4711269680822,1,37,49
2001-02-04,71987,E ,E ,760637,4719718002782,1,30,45
2000-11-11,1626797,E ,E ,500208,4710114316138,1,101,89
2001-01-07,1301991,F ,F ,500804,13110403791,1,320,399
2000-12-26,1848656,K ,H ,500206,4710114321231,1,59,68
2001-01-16,1311297,G ,E ,100413,4710960893098,1,112,149
2000-12-05,1649727,H ,F ,100311,4710140601512,1,82,94
2000-11-14,1807820,E ,F ,520133,20529529,1,143,197
2001-02-08,1640212,E ,G ,530502,4710661202106,1,43,59
2000-11-26,2161204,G ,A ,110217,4719090900058,1,145,149
2000-11-15,1753523,C ,F ,520221,4710017005283,1,85,111
2000-12-31,1828603,J ,G ,130101,4710126185012,1,28,35
2001-01-18,1757729,E ,F ,320402,20456245,1,841,1152
2000-12-08,557801,E ,E ,530222,4710028101554,6,228,324
2000-12-09,1875379,G ,E ,560307,4713627830887,1,22,28
2000-12-08,2106243,C ,F ,110305,4710762101018,1,36,39
2000-12-07,975896,D ,E ,740807,4715367000582,1,339,474
2000-11-26,2098142,E ,G ,520425,4714563063919,2,70,112
2000-12-30,1775129,C ,C ,100325,8888812100321,1,50,65
2000-11-15,147910,D ,E ,720501,4713243944630,1,65,90
2000-11-18,561686,I ,F ,100104,4934567912406,2,80,88
2000-11-03,1894561,E ,F ,100323,4715874000532,1,38,49
2001-02-06,2031408,C ,E ,110411,4710085120697,2,32,24
2000-11-29,544511,E ,F ,110115,4710046018926,1,66,76
2000-11-03,943284,D ,E ,120101,4715496000064,1,78,115
2000-11-25,1810820,F ,F ,590301,4711553174129,1,109,119
2001-02-08,1038361,D ,E ,100312,37000442127,2,80,72
2001-02-17,107839,B ,F ,500210,4712425010255,3,261,297
2001-01-22,1513257,D ,A ,760225,4712552005513,1,90,125
2000-12-31,1115512,G ,E ,500202,4710036009071,1,101,108
2000-11-06,1958690,D ,F ,100517,4710171083226,1,53,59
2001-02-11,1541403,E ,F ,740306,4711866383010,1,65,94
2001-01-21,1606379,D ,F ,560336,4711616003137,1,24,33
2000-11-27,1616125,C ,E ,110411,4710088410436,1,12,15
2000-11-06,1796742,D ,E ,110106,4710559123704,2,50,64
2000-12-17,1424492,K ,G ,500903,2250084001327,1,275,425
2000-11-15,1816655,I ,H ,110217,4710871000165,2,270,270
2000-11-23,95365,F ,F ,110136,4710008122104,2,64,76
2001-02-25,924023,C ,E ,530101,4710054132201,1,76,96
2000-12-04,1621068,F ,F ,110507,4710570000336,1,97,108
2001-02-19,1341980,D ,E ,100209,4710304130124,1,26,33
2001-01-13,1740776,B ,F ,130313,4711437000018,1,39,47
2001-01-30,2040783,G ,C ,110405,4712789000114,1,36,46
2001-02-04,1615388,E ,F ,110109,4710043552102,1,200,260
2001-01-19,1619584,F ,E ,300716,10742201610,1,63,79
2001-02-28,1905106,E ,F ,100325,4711763001222,1,49,65
2000-12-10,154093,E ,E ,760230,4710677008198,1,16,24
2001-02-12,275033,G ,F ,530112,37000300441,1,58,75
2000-11-01,1173741,E ,G ,120108,4710088443328,2,104,130
2001-02-27,778138,C ,E ,500302,4710367813446,1,25,36
2000-12-12,2164397,C ,E ,100413,4710043001105,1,93,99
2000-11-07,843621,E ,F ,300711,4710722001389,1,28,42
2001-01-01,1896749,D ,G ,500305,2250028000218,1,22,35
2000-12-09,1713527,B ,F ,560201,4902430490580,2,700,798
2000-11-07,1630954,D ,E ,760512,20524760,1,26,38
2001-01-23,1113433,H ,E ,520510,4973271370911,1,138,199
2000-11-26,952521,D ,F ,100505,4710823997215,1,16,18
2001-02-08,1732917,D ,C ,712901,8999002568972,1,64,85
2001-02-26,838580,H ,E ,500210,4710114105046,1,123,135
2000-12-31,1457865,C ,A ,740105,4711863180827,2,100,118
2001-02-19,266642,D ,E ,110133,4710475001216,1,50,65
2001-01-28,1999037,D ,G ,100603,4710705400024,1,335,398
2001-01-23,1857733,C ,E ,560402,8712045000151,1,404,425
2000-11-21,791762,H ,E ,530207,4710120660232,1,85,115
2000-12-30,1062489,B ,G ,500804,4902206300396,1,313,389
2001-02-25,1813296,B ,H ,120105,4719090105002,2,50,58
2000-11-29,1504156,D ,E ,530105,4901616007093,1,129,169
2000-11-07,2068718,H ,E ,500102,4718433613228,1,60,86
2000-12-27,497879,E ,F ,510539,8006330003430,1,60,89
2000-12-10,1548945,F ,D ,300116,4714995003965,1,95,128
2000-11-04,1692358,D ,E ,100205,4710247005206,1,72,75
2000-11-11,1072471,E ,F ,100203,4710861100011,1,15,17
2001-01-31,805292,D ,E ,100443,4710043100020,1,166,198
2001-02-11,965088,D ,E ,530104,4710068534138,1,128,168
2001-01-08,1793864,C ,F ,110109,4710043552102,1,192,260
2000-11-06,1429350,K ,E ,110403,4710175565711,1,37,48
2001-01-31,1846768,K ,H ,130206,20307585,1,112,122
2001-01-15,1659474,D ,G ,130315,4714981010038,1,25,25
2000-11-10,1557466,E ,A ,300716,10742201719,1,63,79
2000-11-02,1530490,D ,E ,530114,4715610443791,1,57,75
2000-12-05,2090429,B ,E ,530126,5099831190146,1,62,88
2001-01-13,2079066,A ,E ,520457,4718057701769,1,125,104
2000-11-11,1987584,D ,E ,711321,4712222300139,2,28,38
2001-02-11,1616460,D ,E ,120203,4713758146031,3,270,297
2001-01-18,885522,E ,E ,500305,4714854888672,1,39,59
2001-01-01,1837902,G ,F ,760164,4714677353081,4,132,196
2000-11-26,583770,B ,F ,100312,4710543310066,1,14,16
2001-01-14,1717891,D ,F ,120103,4710011405133,1,23,24
2001-01-11,1831221,C ,F ,100102,34000102112,1,38,48
2000-11-26,426824,F ,E ,110109,4710043552102,1,192,210
2001-02-03,1573268,D ,E ,120105,4710126092730,1,85,109
2000-11-28,1652109,F ,D ,760577,20403515,1,46,69
2001-02-14,2067186,F ,G ,100505,4710823997222,1,16,22
2000-12-10,799874,G ,E ,120105,4710126092730,1,77,95
2001-01-13,1832266,J ,G ,500105,4718433613310,2,40,58
2001-02-28,1096095,F ,E ,300307,4901301729286,1,99,129
2000-12-08,2035260,G ,E ,300604,4973167711170,1,74,104
2000-11-05,1482614,D ,E ,110119,4711258007371,1,131,155
2001-02-12,1439908,F ,B ,100301,4711128668787,1,70,85
2001-02-04,1250077,E ,F ,120106,4710321871260,1,21,22
2001-02-01,833974,D ,E ,110405,4712598000015,1,34,38
2001-02-20,1613155,G ,F ,130315,4714981010038,2,50,26
2000-12-16,1611618,D ,F ,530101,4710036000719,1,49,55
2000-12-11,1838091,D ,C ,130206,20307585,1,112,128
2000-11-26,1436952,E ,F ,760631,20229726,1,95,125
2001-02-11,1417661,E ,F ,110411,4710085120697,1,16,20
2001-02-23,1579727,D ,F ,100503,4714108700019,4,72,87
2001-02-10,2061337,F ,A ,500705,4715747112201,1,246,340
2000-11-22,1212839,C ,F ,110106,4711271000014,1,14,9
2000-12-08,1848434,K ,H ,100110,4710035313469,2,42,54
2000-11-18,573450,E ,E ,110119,4711258001256,3,84,108
2001-02-18,1856088,E ,E ,530301,4710186065019,1,87,83
2000-12-25,203838,F ,E ,510539,4713537010577,1,21,30
2001-01-28,1609127,F ,A ,590301,4710107020073,4,324,380
2000-11-11,2073446,C ,F ,100203,4710176033998,1,66,75
2000-11-27,2145846,A ,G ,100205,4710283170180,2,102,120
2000-11-22,693110,D ,F ,100444,4712959001491,1,58,62
2001-01-17,40242,C ,E ,110508,9300644131681,2,48,68
2000-11-14,549493,D ,E ,530101,4902430494670,1,69,88
2001-02-08,768023,C ,G ,530104,4903301034469,1,76,99
2001-02-03,1932393,D ,B ,530109,4710468218157,1,55,75
2000-12-30,1350920,E ,F ,530101,4710036000832,1,44,47
2000-11-04,2019963,C ,F ,110108,4710200000019,1,72,78
2001-02-22,1378122,G ,E ,130204,4710088430175,1,21,25
2000-12-20,158282,F ,E ,100323,4710739028706,1,56,69
2001-02-23,543651,G ,E ,110504,4710323168214,3,60,75
2001-01-22,1172287,F ,E ,110407,4710943101318,1,38,43
2000-12-31,1684490,D ,F ,130201,4710105051185,1,15,20
2000-11-05,2150499,C ,F ,100210,41419761748,1,56,69
2000-11-29,1877571,D ,B ,500202,4710114361114,1,108,115
2000-12-16,1467710,D ,E ,500303,4710367208648,2,72,118
2000-11-20,1453058,F ,E ,130103,4710583920003,1,27,33
2001-02-17,618342,E ,G ,100201,4712019100591,1,35,49
2001-02-17,524209,C ,F ,100505,4710128030037,1,34,38
2001-01-20,532662,F ,F ,110404,4712789000039,1,36,46
2001-01-22,1739848,A ,F ,530221,4711003000114,1,93,125
2001-01-22,1333695,E ,G ,110136,4710008241218,2,50,64
2001-02-18,545631,D ,F ,130204,4710063312212,1,112,123
2001-02-03,304832,E ,F ,110136,4710254049521,1,34,43
2000-12-12,1415636,K ,G ,500201,4710114128038,1,158,156
2001-01-22,1716382,D ,E ,100310,4710030611225,1,41,59
2000-12-03,1640809,D ,F ,100505,4710018008634,1,62,72
2001-02-16,2033778,B ,E ,120103,4710011401128,2,46,58
2001-01-20,1757552,E ,E ,110507,4710172030069,1,22,28
2001-02-04,2060798,E ,E ,100110,4710035313469,1,19,28
2001-02-01,1984194,E ,F ,760402,20510169,1,270,299
2001-02-19,1134308,C ,D ,500203,4712425010446,1,88,95
2001-01-22,489188,D ,E ,120115,4719862260410,2,38,48
2000-11-18,1948127,E ,G ,720501,4715542210072,1,65,99
2000-12-16,1917659,G ,G ,130304,47100312,2,16,22
2000-11-26,315852,E ,E ,530111,4710094019418,1,101,135
2000-12-01,2020167,F ,E ,100201,4712019100607,1,35,39
2000-12-25,203838,F ,E ,110105,4710046014508,1,20,24
2001-01-22,1610376,C ,D ,110504,4710323168016,1,17,20
2001-02-25,1361452,F ,D ,100205,4710162000072,1,20,25
2001-02-15,1126402,J ,E ,110411,4710249000858,2,58,74
2001-02-13,368674,F ,F ,120109,4714242832669,1,34,38
2001-01-16,624190,D ,B ,110217,4710265847666,1,150,145
2000-12-17,437370,C ,G ,110405,4712598000015,2,74,94
2001-02-18,813174,B ,E ,130308,4710670200506,2,18,24
2000-12-26,914925,C ,G ,500804,9003579302545,1,33,43
2001-02-11,2131726,C ,F ,570415,4716114632148,1,116,169
2000-11-02,1583571,C ,D ,110117,4710063031144,2,114,116
2000-12-30,1392234,D ,F ,530101,4710036000849,1,44,47
2001-02-01,1817676,I ,F ,110411,4710088412218,1,31,38
2001-02-07,1462784,D ,F ,760183,4714910160261,1,55,78
2001-01-13,1380897,H ,C ,130204,4710063312120,1,77,88
2000-11-19,1615838,B ,F ,470202,729238294066,1,750,850
2000-12-16,572279,J ,E ,100512,719859796117,1,20,22
2001-01-12,2046525,A ,E ,530101,4710363917001,1,118,155
2001-01-22,2145334,H ,F ,130308,4710191020027,1,23,29
2000-11-26,2077567,C ,C ,500901,4718121001009,1,66,79
2001-01-19,1404333,G ,C ,520503,6922314351125,4,192,280
2000-11-24,1509526,D ,G ,100601,4710777315677,2,1814,1990
2000-12-31,2070087,D ,F ,110504,4710323168016,3,51,60
2000-12-18,1914412,E ,C ,530101,4710036000719,2,98,110
2000-11-10,2052472,K ,H ,110411,4710085120680,1,17,18
2000-11-25,2011493,B ,E ,110205,4710943101134,2,12,18
2001-02-26,1821116,D ,D ,500102,4718433613228,1,65,86
2000-11-29,511995,G ,C ,530209,4714058833133,1,90,99
2001-01-15,1403589,E ,E ,100414,4710375111213,1,111,135
2000-11-05,1612912,C ,F ,130307,4711413000025,2,90,107
2001-02-24,321341,B ,H ,110411,4710088410290,2,24,30
2001-02-05,1372489,D ,E ,100504,4710085104116,1,83,91
2000-12-06,2080055,C ,G ,320206,4710347876423,1,49,69
2000-12-29,233590,F ,G ,130204,4710088432353,1,78,88
2000-11-18,1492002,D ,E ,130205,4710105046013,1,53,59
2001-01-26,1386257,F ,E ,110119,4711258002505,1,61,75
2000-12-08,1453263,D ,F ,110106,4711271000472,2,84,100
2000-11-25,1318982,F ,F ,110118,4710012142136,1,31,34
2000-12-29,1553352,G ,F ,120106,4710011402033,6,132,159
2001-01-31,511834,G ,E ,500804,93432641,3,57,72
2000-12-02,2068176,A ,F ,100110,4710035313469,1,21,28
2001-02-26,585729,D ,F ,760155,4713359886886,1,90,108
2001-02-08,380393,G ,F ,110410,4710088411785,2,48,58
2001-02-16,191159,F ,E ,100110,4901550332077,1,20,45
2000-11-28,593250,D ,E ,100308,44900130528,1,54,80
2000-12-31,1314304,D ,F ,110401,4710008290155,1,23,29
2001-02-19,1234336,D ,C ,500201,4710036003581,2,276,258
2000-11-18,1544671,D ,G ,712902,8888021200256,1,87,94
2001-02-10,1327762,D ,G ,100424,4710088450272,1,80,99
2001-01-22,664394,H ,E ,130106,4711022100024,1,17,21
2001-01-15,1862829,D ,C ,120203,4711634002747,1,93,99
2001-01-17,1514377,D ,C ,100303,4712172010010,1,49,59
2001-01-23,811828,C ,E ,130205,4710126194007,1,47,72
2001-01-17,384421,G ,E ,501002,4718176138200,1,120,189
2000-11-21,413497,B ,E ,520101,4973271968606,1,65,95
2001-01-22,1525861,I ,E ,100306,4712476800003,1,65,79
2000-12-30,2079455,B ,F ,530101,4710054136100,1,41,56
2000-12-19,25324,D ,E ,100204,4714125969963,1,62,84
2000-11-22,29964,D ,C ,110106,4711271000014,2,28,18
2000-11-26,1701760,C ,B ,110105,4710198121031,1,53,59
2000-11-25,1105889,E ,C ,130204,4710105015118,1,77,106
2000-11-17,905930,H ,F ,130206,20415723,3,156,167
2001-01-21,1407501,F ,E ,120106,4710321861209,1,21,25
2000-12-16,2084749,E ,G ,130102,4710088436368,2,72,84
2000-11-06,1672855,F ,E ,500805,4714005055236,1,47,69
2000-11-04,1543469,E ,C ,100511,4710632001660,4,180,236
2001-01-16,897372,F ,E ,110407,20203689,1,44,54
2001-02-02,1754056,C ,E ,110401,4710579101003,6,186,210
2000-11-21,1178821,E ,F ,300301,4714508112047,1,58,71
2001-02-18,1991833,H ,F ,110106,4711271000014,2,28,32
2000-11-28,304153,G ,F ,712901,8888021100327,1,121,143
2000-11-30,1870879,D ,F ,100304,4710362010093,1,62,71
2000-11-07,540643,F ,F ,500106,2250271000348,6,120,165
2001-01-22,945110,K ,H ,500307,4710466101130,2,164,158
2000-11-28,846929,G ,F ,130201,4710105051147,3,45,54
2001-01-02,1374896,D ,E ,501102,4713645056122,1,46,65
2000-11-12,1023039,B ,F ,110411,4710085120468,1,17,17
2001-02-18,1845983,K ,H ,530103,4710036221008,1,39,45
2000-11-30,616195,E ,F ,120101,4715496000064,1,78,80
2000-12-09,2152899,D ,F ,100505,4710018004605,1,35,38
2000-12-28,433594,E ,E ,100203,4710176033998,1,66,83
2001-01-23,1632538,A ,H ,120101,4719090302029,1,90,108
2000-12-03,1462371,C ,F ,110505,20000112794,1,31,37
2001-02-18,402484,B ,C ,500807,26333004447,1,13,19
2000-11-02,1600643,D ,F ,100511,4710085150311,5,70,75
2000-11-29,2021140,J ,E ,100314,4710467551224,2,84,96
2001-01-19,379144,J ,E ,712901,8888021800401,1,114,150
2001-02-18,1605174,C ,E ,590301,4710020741130,2,376,356
2000-11-18,1601206,F ,E ,751202,20561277,4,144,240
2000-12-15,2000749,E ,G ,120106,4719090790017,1,16,18
2001-02-04,1575842,G ,F ,712902,4891259528102,2,260,284
2001-01-13,1160802,F ,C ,500303,4719859760978,1,7,12
2000-12-17,368612,E ,E ,120106,4710321871260,1,21,25
2001-01-22,2092867,E ,E ,100103,4710126040663,1,64,75
2001-01-16,1859300,A ,E ,500201,4710114128618,2,240,268
2001-02-19,1940411,F ,F ,110107,4903065058022,2,120,64
2001-02-04,1769074,F ,E ,110403,4710175565704,2,74,96
2001-02-13,2030159,F ,G ,100601,4710043010404,1,166,186
2000-11-19,402590,H ,F ,130204,4710105015521,1,103,116
2000-12-11,1357646,C ,F ,530408,4710094014406,1,148,135
2001-02-21,1294835,G ,G ,500102,4712054701371,1,54,79
2000-12-17,665452,B ,C ,100201,4710174003849,1,20,25
2001-02-11,928267,D ,F ,110405,4712598000015,1,37,38
2000-11-18,1825336,D ,F ,130204,4710088432353,2,156,161
2001-02-14,81412,F ,E ,110506,4710740500062,1,134,148
2000-12-17,1708219,C ,F ,530209,4710731060124,1,40,39
2000-11-26,28899,B ,E ,530110,4902430041270,1,204,209
2000-11-10,1947168,J ,F ,110407,4710734000721,1,68,77
2000-12-09,1974980,D ,C ,100210,29000070301,1,51,56
2000-12-01,1891515,C ,E ,110114,8410660001026,1,142,175
2000-11-26,203975,C ,E ,100201,4807770190124,1,85,99
2001-02-28,1810516,J ,G ,120105,4714381003128,1,39,49
2000-12-31,696463,E ,B ,110713,44738045360,1,48,64
2000-11-05,1913378,C ,F ,120103,4711524000907,1,23,25
2000-12-02,1764260,E ,E ,530408,4710094004711,1,138,138
2000-11-13,1637274,C ,F ,500325,4710731033302,1,50,69
2000-11-12,1785111,A ,E ,100517,4710171042223,1,37,49
2001-01-13,1718973,E ,E ,560201,4710054510139,1,377,349
2001-01-29,571234,D ,E ,100324,723125485032,1,42,52
2000-11-30,1544886,D ,D ,713102,4717265888293,1,51,69
2000-12-31,1910360,G ,E ,720303,4710312030188,1,40,65
2000-12-26,2106106,K ,H ,530301,4710683100015,2,88,58
2000-11-26,2131436,C ,G ,500805,4714005055496,1,54,79
2000-11-20,1899771,F ,E ,100310,4710706211759,1,80,115
2001-01-28,1861990,D ,B ,120101,4710321871048,1,95,119
2000-11-11,2012032,C ,G ,130315,4714981010038,2,56,30
2000-11-07,2147833,C ,E ,130203,4710126194281,2,60,76
2001-01-11,1874914,D ,D ,560333,4710091110262,1,90,119
2001-02-03,1323955,D ,F ,110117,4710012111019,1,55,65
2000-12-14,2154503,A ,F ,110805,4710110513265,1,53,64
2001-02-16,848824,G ,D ,110406,4711123957794,1,20,25
2000-11-02,426053,E ,E ,130204,4710063312120,2,180,199
2001-01-21,2158518,C ,E ,130315,4710452110115,1,35,42
2001-01-22,1554298,E ,F ,110507,4710010020054,1,21,25
2000-11-05,1537598,F ,E ,110102,4712031000565,1,31,39
2001-02-16,1592313,E ,A ,530202,4710312030027,2,106,100
2000-11-12,1935936,C ,E ,500307,4710731033517,1,50,66
2000-11-07,950749,D ,F ,100312,37000329169,1,38,39
2001-01-19,1459364,E ,F ,320402,20533939,1,775,1062
2001-02-13,1446234,H ,E ,100205,4710247006197,1,78,99
2001-01-15,2084077,A ,F ,500503,2250078000398,1,25,35
2000-12-26,1234367,F ,E ,100210,4710247001321,1,74,85
2001-02-17,266888,E ,G ,530105,4710308010323,1,42,65
2000-12-29,81412,F ,E ,110133,4710475001223,1,50,62
2000-11-02,941440,D ,E ,100511,4710594912028,2,70,110
2001-02-24,2176857,H ,D ,100212,4715189001736,1,53,69
2000-11-25,1187137,F ,F ,100203,4711681000048,5,75,90
2001-01-19,1620085,E ,C ,100413,4713398550250,2,264,222
2000-11-03,2152479,B ,E ,100323,4710096000049,1,14,17
2000-11-06,1594089,E ,E ,100434,4714072150094,1,55,72
2000-11-18,2047829,C ,F ,110411,4710085120697,1,17,22
2001-02-03,1669480,E ,E ,130101,20412074,1,55,59
2001-01-19,2138688,E ,F ,500201,4710908131534,1,133,139
2001-01-07,1365207,E ,E ,500705,4715747122279,3,351,482
2000-11-28,932042,B ,F ,100104,4934567912406,2,80,88
2000-11-23,1301489,F ,E ,500305,4710466206033,1,18,28
2000-11-28,1241907,E ,F ,100407,4710043651706,2,142,148
2001-01-20,1801712,A ,F ,110127,4710063041372,1,32,43
2000-11-11,1423860,D ,E ,110411,4710085120697,1,17,19
2000-11-28,527996,E ,E ,110124,4711363542590,1,41,55
2000-12-16,1647457,B ,F ,500804,93447690,2,38,46
2001-02-08,1456158,C ,F ,100307,4715874000518,1,36,48
2000-11-18,1697698,E ,F ,500201,4710036003581,2,276,268
2001-02-04,2072746,B ,G ,110605,4710254015014,1,34,42
2000-11-11,516150,E ,E ,100201,4710247005299,1,74,79
2001-01-03,590860,G ,E ,110108,4710088620156,1,77,89
2000-11-11,973229,G ,F ,300301,4711039232190,1,33,36
2000-11-10,1632811,C ,C ,530406,4710094021480,1,49,59
2000-11-19,1619515,F ,A ,100308,4710740600106,1,113,139
2000-12-10,2069449,G ,A ,500210,4710114105046,2,256,226
2000-12-03,1931662,G ,E ,110136,4710008251125,1,23,28
2001-01-11,2093239,C ,G ,130208,4716248300029,1,24,30
2000-11-19,1845341,C ,F ,100205,4711300986654,1,42,53
2000-12-05,411271,F ,C ,100408,4712067898839,1,38,52
2000-11-26,1685886,D ,F ,100406,9556001096302,1,100,86
2000-12-07,2107356,E ,E ,760219,4716447035104,1,75,89
2001-01-18,1427257,D ,E ,100105,4711119236193,1,19,25
2000-12-10,1665352,C ,F ,731302,4713915571218,2,180,198
2001-02-03,1719734,C ,D ,712201,20555351,1,83,99
2000-12-19,342254,G ,F ,110217,4717269870157,1,190,208
2000-12-17,506632,I ,E ,130112,4710105031880,2,38,46
2000-11-10,1363432,E ,F ,100508,4716426880619,1,47,50
2001-01-17,791830,D ,E ,760561,4719111313102,1,20,29
2000-12-11,157285,F ,E ,320404,20506537,1,473,648
2000-11-11,1856095,F ,F ,110131,4902402376744,1,62,68
2001-01-02,1939484,H ,D ,110117,4711001917018,1,90,98
2000-11-18,1497830,C ,E ,100212,8934614019061,1,36,45
2001-02-04,1721799,G ,D ,110116,4710043004564,1,89,75
2000-12-06,20002000,K ,H ,530302,4710084225676,1,108,123
2001-01-28,2031934,D ,D ,300418,4710722000702,1,15,23
2001-02-12,171878,D ,E ,130101,47106710,1,21,26
2000-12-17,1595949,C ,B ,560405,4710043231403,1,149,165
2000-11-06,161527,D ,F ,500903,20564582,1,104,149
2000-12-09,604796,C ,E ,530302,4710363502016,1,60,71
2001-01-13,702850,E ,E ,560405,4710498126200,1,120,135
2001-01-12,1808735,B ,E ,100205,4901005131590,2,56,76
2000-11-14,1696066,D ,E ,530104,4710120001653,1,75,99
2001-01-27,1538311,E ,B ,500212,4710114221203,2,212,190
2001-01-29,2173740,A ,B ,110119,4711258001256,1,30,34
2000-11-12,1982640,K ,H ,530220,4710094021466,1,61,71
2001-02-17,66259,F ,E ,100202,4710047511037,1,24,29
2000-12-12,2158020,B ,A ,110136,78895120318,1,17,22
2001-01-17,1676440,I ,F ,100324,723125488064,2,90,118
2000-12-31,2146300,B ,E ,110121,4710134023214,1,44,52
2000-11-17,1992502,B ,F ,110410,4710088411785,2,48,54
2000-11-18,601757,D ,E ,760202,20494124,1,92,135
2000-11-26,2142807,G ,E ,130401,4711587808946,2,194,198
2000-11-02,2055879,B ,E ,130205,4710171061699,1,47,69
2001-02-14,1185416,F ,E ,110110,4710549000039,1,80,99
2000-11-12,1597837,G ,F ,520509,2230124000862,1,63,80
2000-12-27,1554649,F ,E ,110401,4710249002012,1,44,52
2001-01-23,1751604,G ,E ,110136,4710254049521,2,62,70
2000-11-26,1786484,D ,F ,130105,4711437000056,1,13,14
2001-02-20,2177694,E ,F ,100505,4710018004605,1,35,38
2000-12-07,842464,E ,E ,110402,4897878100057,1,78,85
2000-12-09,1691672,C ,D ,110136,4710008241140,1,22,25
2000-12-30,1753202,C ,F ,320402,20515218,1,841,1094
2000-12-16,755153,E ,F ,100507,4710094699078,4,148,180
2001-01-30,968539,I ,E ,100306,4712476800003,1,65,79
2001-01-24,1485936,G ,C ,110106,4711271000090,1,42,50
2000-12-10,1975819,J ,D ,500307,4901422038939,2,220,174
2001-01-21,1071115,B ,E ,500302,4710367814337,1,124,152
2000-12-06,1805161,J ,E ,710501,20565015,1,523,730
2000-12-28,1905953,E ,F ,100405,4710043980714,1,137,158
2001-02-28,1557305,E ,A ,110106,4711271000090,2,84,90
2001-01-16,1936971,F ,F ,130316,4711437000346,1,60,73
2000-11-13,1587388,C ,F ,130205,4710063411441,1,49,55
2000-12-07,1596397,E ,E ,520457,4711713490120,1,135,173
2001-01-20,2112589,I ,E ,501129,4713645710208,1,150,210
2000-12-31,1401110,F ,C ,100201,4712019100607,1,35,39
2000-11-20,1980387,D ,E ,560201,4710036110074,1,295,359
2000-12-03,308359,I ,E ,100301,4710362020030,1,30,39
2001-01-28,2019604,B ,H ,130205,4710088433305,1,11,12
2000-12-03,1535099,E ,E ,130206,20246068,1,38,45
2000-12-10,1581805,D ,E ,100424,4711119819273,1,75,90
2000-11-12,140607,C ,E ,100323,4711202220368,1,28,38
2001-01-22,1559231,C ,C ,500203,4710114604112,1,75,89
2001-01-09,1729955,C ,E ,760641,20062149,1,166,239
2000-11-12,583251,B ,E ,120115,4719862260410,1,19,25
2000-12-10,1653946,E ,E ,530101,4710036000627,1,45,52
2001-01-22,1976717,C ,C ,720507,20557775,4,200,220
2000-11-19,1456172,F ,G ,100202,4710247007613,1,49,55
2001-02-17,1790818,F ,F ,500102,4718433613228,1,65,86
2001-02-15,2102962,D ,E ,110804,4710008317012,1,28,36
2001-01-16,1633313,D ,D ,130315,4714981011011,1,23,30
2001-02-19,961554,J ,E ,120105,4719090105002,2,50,58
2000-11-05,2127637,B ,F ,110404,4710515533011,1,30,38
2000-12-09,2092836,F ,E ,120103,4710011401128,2,46,58
2000-12-06,192217,C ,F ,100301,4711128778813,1,58,75
2001-01-16,274975,D ,E ,530205,4710314413309,1,75,99
2000-11-07,1637328,D ,C ,560307,4713627630463,1,104,145
2001-02-09,1469455,C ,F ,110217,4710892632017,1,185,199
2001-01-13,735759,D ,E ,110810,76277109364,1,18,18
2001-02-03,655774,G ,G ,110118,4710012132137,1,35,42
2001-02-12,1572827,E ,E ,560402,4710628121815,1,506,549
2000-12-29,1985269,G ,C ,500102,4713071860010,1,31,40
2000-12-23,66594,E ,E ,530407,4710492331020,1,26,39
2000-11-12,1920031,E ,F ,110217,4719090900058,1,145,134
2000-12-27,1320046,D ,E ,110804,4711001302104,1,80,100
2000-12-11,1838091,D ,C ,110133,4710868501361,1,30,39
2001-01-18,1229455,J ,F ,110404,4710515533011,1,30,38
2000-11-10,1475173,D ,E ,110402,4710088414311,1,53,58
2001-02-03,1575149,B ,G ,100315,4710057110046,1,31,37
2000-11-19,2158853,B ,A ,560201,4710020823485,1,291,349
2000-11-14,1021554,F ,F ,530101,4710032603730,2,120,134
2000-11-22,794350,D ,E ,130204,4710105015125,1,94,106
2000-11-13,1845495,C ,F ,100307,4711300986999,1,40,47
2001-01-18,470865,F ,E ,130305,614632330017,1,116,128
2001-02-11,750196,E ,C ,500108,2250271000072,2,18,30
2001-01-21,1982640,K ,H ,130101,20246013,1,88,98
2001-01-21,1752403,B ,D ,110411,4710109770556,1,21,28
2000-11-06,2135694,C ,E ,100203,4710047502301,1,24,29
2001-02-19,2130460,H ,B ,100401,4710603999507,1,357,398
2001-02-15,1578195,B ,E ,500210,4710114105046,4,492,516
2000-12-12,1604184,F ,F ,110118,4711001300032,1,21,27
2001-01-22,1320572,E ,E ,110804,4711001302104,1,64,69
2000-11-01,1090673,K ,E ,130106,4710583350718,2,20,26
2001-02-16,207072,G ,A ,500201,4710114128038,1,147,146
2001-01-30,2031682,E ,F ,100503,4710105080123,1,53,72
2000-12-10,1680232,E ,C ,500202,4710114361114,1,108,115
2001-02-08,1805239,F ,E ,130204,4710088432353,1,78,88
2001-01-06,900515,E ,F ,530403,4710363382014,1,149,149
2000-12-18,2079356,C ,E ,110401,4710088410610,1,19,26
2001-02-14,1974454,D ,C ,760637,4710747181325,2,60,90
2001-02-05,1385199,J ,H ,110401,20535407,1,62,84
2000-11-19,453844,D ,D ,520423,4710905340113,2,16,30
2000-11-30,1977622,B ,F ,100310,4710706221758,1,80,89
2001-02-25,1582734,D ,F ,110327,4710943101165,1,19,24
2000-12-17,1678086,E ,G ,760670,4719168101202,1,78,99
2001-01-11,982771,D ,F ,760554,20513016,1,12,18
2000-11-19,206105,C ,F ,520101,4973271968606,1,65,85
2000-12-08,1659726,B ,F ,500705,4717265888255,2,198,264
2001-02-12,563079,F ,E ,110804,4711001302104,1,64,100
2000-12-17,1279108,B ,G ,130315,4713985863121,1,25,25
2001-02-25,1341225,C ,F ,100301,31200441256,1,267,299
2000-12-18,57615,C ,E ,530404,4710205005750,1,121,109
2001-02-07,1726077,D ,E ,540209,20373818,2,58,84
2000-11-11,1532128,D ,F ,500318,4901987228370,2,254,314
2000-12-02,495158,C ,E ,130204,4710088432353,1,78,88
2000-11-11,124218,D ,F ,110136,4710008241119,1,22,29
2001-02-21,2031774,A ,C ,130206,4710105010649,1,57,70
2000-11-06,1845747,K ,H ,110403,4710065234567,1,65,81
2000-12-17,2165455,D ,D ,560339,4713627830337,1,55,75
2000-12-06,270663,E ,F ,100102,34000231508,1,42,52
2001-02-10,2165172,B ,F ,560304,71463032006,1,102,145
2000-12-05,1958119,F ,G ,110404,4712789000015,1,36,46
2001-01-30,1057331,D ,E ,110217,4710265796216,1,345,380
2001-02-04,1829204,C ,F ,110207,4710311811511,1,17,22
2000-11-05,973854,D ,F ,100513,4710095987402,1,85,99
2001-01-22,981651,G ,E ,110105,4710046021100,1,30,36
2000-11-01,2007052,D ,E ,100205,4710467221226,1,46,65
2000-12-17,2069708,H ,E ,500210,4710104111569,2,184,194
2001-02-08,1853896,J ,E ,500202,4710114362029,2,152,164
2001-02-03,1591514,D ,E ,100511,4710485168879,8,312,368
2001-01-09,66594,E ,E ,110126,9300667700505,1,76,98
2000-12-01,770354,E ,F ,500405,2250078000107,2,40,58
2000-11-02,190138,F ,E ,110507,4710010050082,1,21,25
2000-12-10,90629,F ,F ,760117,4719857940532,1,9,12
2001-01-27,1480245,E ,A ,100405,15700052013,1,75,99
2000-11-21,219389,C ,E ,120102,4710011408028,1,25,30
2000-12-03,648417,F ,E ,130103,4710088436498,2,30,38
2001-02-22,1953985,C ,F ,100101,4710085184231,1,114,129
2001-01-21,1747256,D ,E ,110411,4710085120093,1,23,22
2001-02-28,656733,C ,E ,110401,4710088410610,1,19,26
2000-12-03,900614,E ,G ,130106,4710583996008,1,18,19
2001-01-13,1883398,F ,D ,500210,4710291101039,2,160,152
2001-01-30,2112596,D ,E ,120102,4710357308808,1,28,35
2000-12-17,1950182,D ,D ,110404,4710175566114,2,26,32
2000-11-12,1711011,F ,E ,500303,4710367208648,1,36,59
2000-12-20,180955,G ,E ,120106,4710011402033,2,44,50
2000-12-09,502542,F ,F ,300424,4902430494397,1,98,129
2001-01-11,1921311,C ,F ,110517,4710057510112,1,60,75
2001-02-09,996228,E ,E ,500804,9310022862700,2,42,46
2000-11-02,570565,C ,H ,130201,4710105045450,1,15,20
2000-11-24,2132570,D ,C ,760183,20435950,1,23,35
2001-02-10,1479874,E ,C ,500203,4710036039023,1,141,159
2001-02-24,1913040,G ,E ,120103,4710583510082,1,13,17
2000-11-25,1741711,B ,A ,760554,4714800503246,5,75,100
2001-01-18,253307,D ,D ,510539,4976790230360,1,130,199
2000-12-17,1454048,C ,E ,590312,4710494000030,1,91,115
2001-02-16,1953572,D ,E ,130307,4711413000025,1,45,57
2001-01-28,1976236,D ,F ,100505,4710018004605,1,35,37
2000-12-19,23795,H ,E ,100206,4934567392871,1,36,47
2000-12-06,1928280,B ,E ,120103,4711524000907,1,23,26
2001-02-18,1812794,I ,G ,130310,4902556125205,1,65,85
2000-12-13,1232967,I ,F ,130201,4710105051147,3,45,60
2001-01-22,186810,D ,F ,100109,4710047512614,1,144,168
2000-12-23,191050,C ,E ,130106,4710583350701,1,10,13
2001-02-25,1916560,E ,F ,530301,4710363454001,2,78,98
2001-01-17,1117042,G ,E ,130317,20571047,1,188,223
2000-11-13,2125046,B ,F ,110217,4712162000137,1,165,180
2001-02-10,203746,D ,A ,100312,4710543310066,1,14,18
2000-12-07,1729153,C ,F ,110118,4710063031939,1,41,45
2001-02-05,780766,I ,F ,100205,4710176013143,1,14,18
2000-12-02,1854992,E ,F ,120103,4710030625109,1,24,26
2001-01-13,1848410,K ,H ,110410,4710088411440,1,40,46
2000-11-04,1720006,C ,F ,520509,2230124000862,1,63,89
2001-02-25,1803785,B ,C ,100201,6291003003233,1,16,21
2000-12-02,1994209,B ,F ,110117,4710012134162,1,58,73
2001-02-25,1916126,H ,E ,100443,4710043100013,1,166,198
2001-01-24,1752915,E ,F ,130404,4710057830050,2,110,138
2000-11-01,539166,E ,E ,100210,4710247001321,1,86,85
2001-01-14,2112589,I ,E ,110334,4711209055130,1,50,64
2001-01-02,1947335,B ,E ,760534,4713045001975,1,82,113
2001-02-06,2106359,C ,F ,120106,4710321861186,1,21,22
2000-11-05,1372656,J ,C ,110137,78895100020,1,112,118
2001-02-09,838115,E ,E ,130204,4710121023302,1,60,68
2000-11-26,1584073,D ,G ,500501,2250078000039,1,160,229
2001-01-14,2147468,B ,F ,130203,4710105011042,1,22,26
2000-11-11,1484847,E ,F ,760523,4713045344720,1,84,99
2000-11-24,41171,D ,E ,530105,4710186161155,1,34,45
2001-02-24,1972979,B ,F ,300422,3061371011030,2,492,618
2001-01-23,1788013,E ,E ,100306,4710022403104,1,187,225
2001-01-17,1467451,B ,F ,100102,4710126030138,1,75,67
2001-02-18,922647,E ,E ,530503,4710689105021,1,90,119
2000-11-15,1229455,J ,F ,110217,4710871000165,1,135,135
2001-01-10,2147925,E ,H ,120205,4711634002488,2,184,250
2000-11-06,1847994,D ,F ,130204,4710105045313,1,16,19
2000-11-24,1815276,B ,G ,120103,4711634000460,1,17,20
2000-12-29,350846,J ,F ,530302,4710363502009,1,32,43
2000-12-28,1900309,D ,E ,560406,4711178200012,1,20,27
2001-01-17,2061276,C ,E ,110508,4710057870384,1,20,25
2001-01-22,1038262,E ,G ,130317,20571023,1,57,81
2001-01-22,821315,E ,D ,760504,4717265993515,3,105,135
2001-02-23,1454048,C ,E ,300701,4531632415086,2,452,428
2001-01-22,663793,D ,E ,100109,4710047512614,1,144,168
2000-12-29,1466430,F ,E ,110110,4710200001054,1,104,122
2001-01-01,1403992,D ,F ,110504,4710207040117,2,28,36
2000-12-08,2010229,B ,E ,530209,4710731052600,1,35,45
2001-01-01,1814545,C ,C ,320206,4710347681423,2,104,156
2000-12-28,1448603,E ,B ,110802,4978357987588,1,199,248
2001-01-14,1847567,F ,H ,530114,4710210800623,1,304,328
2001-02-28,439725,H ,E ,100113,4710085185191,2,36,42
2000-12-31,1036411,E ,G ,100204,4710126001138,1,64,78
2001-02-21,1974089,E ,E ,100314,4710467112418,2,94,116
2001-02-04,166546,E ,H ,501002,20401351,1,39,59
2001-02-08,763844,C ,F ,100302,748675116250,1,43,59
2000-12-31,1126860,D ,E ,130204,4710105010182,2,78,90
2000-12-17,1972801,C ,C ,110106,4711271000090,1,42,43
2001-01-14,2141541,C ,E ,100102,8000500029350,3,147,177
2001-01-01,1649277,E ,F ,720135,4713243940991,1,180,199
2000-11-05,696463,E ,B ,100405,4710043981513,1,71,79
2000-11-12,1698992,A ,E ,530205,4710303350189,1,76,95
2000-12-10,1766998,C ,F ,530110,4902430489133,1,232,299
2001-02-25,933988,I ,F ,100314,4710467221516,1,50,58
2000-12-09,1115512,G ,E ,110112,4712494216329,1,300,375
2000-12-31,531726,F ,E ,510428,4712054601206,2,142,198
2000-12-17,1847994,D ,F ,530408,4710094021565,1,80,90
2001-02-11,1540765,E ,F ,130104,4710583920003,1,27,35
2001-01-01,685009,C ,D ,530116,70501058008,1,170,179
2001-01-08,311540,F ,E ,300102,4901301036926,1,36,48
2001-01-22,1082180,F ,F ,100306,4713177020073,1,80,100
2000-11-10,439725,H ,E ,530103,4710036029055,1,98,123
2001-01-15,2040561,A ,E ,560109,4714814027516,1,130,171
2001-02-25,1471403,H ,G ,530119,4713080626225,1,60,73
2000-11-18,1650273,D ,F ,110105,4710046021155,1,18,20
2001-01-22,2062815,A ,C ,530105,4901616006867,1,112,149
2000-11-18,1721157,C ,F ,520433,4710017002084,1,26,35
2000-11-05,1356571,F ,E ,530225,4716925300205,3,192,285
2000-11-26,1618327,F ,H ,120203,4713758146031,1,90,99
2001-02-15,968065,G ,F ,100507,4710823998557,1,62,82
2000-12-06,2135144,C ,E ,110106,4710475001247,1,37,47
2001-01-29,1848816,B ,E ,470105,4909978199135,1,928,1112
2000-12-01,1724486,C ,H ,130315,4714981010038,1,23,22
2000-11-22,2007168,E ,C ,100310,4710866000507,3,99,120
2000-12-16,1204148,C ,F ,120203,4713758146031,1,90,99
2001-02-01,1574203,G ,E ,320202,4710431139038,2,104,118
2000-11-12,1637526,D ,F ,740105,4711863180070,1,69,82
2001-01-13,1660203,D ,G ,530502,4710120560129,1,55,59
2000-11-16,1793857,C ,G ,711314,4712222000206,1,140,189
2001-01-15,1474220,D ,B ,130206,20498573,1,66,79
2000-11-08,146470,H ,C ,110409,4712697450315,1,23,31
2001-02-11,128506,F ,F ,100302,4710603011520,1,93,95
2000-11-12,1251593,D ,E ,100507,4710626055310,2,68,74
2000-12-17,1880397,K ,H ,560201,4901301011732,1,273,299
2000-11-07,1689945,C ,E ,100511,4710294110809,2,76,104
2000-12-10,942706,D ,F ,760132,20494643,1,55,69
2001-02-13,196895,D ,E ,100205,8851019410142,1,25,32
2000-12-01,1712216,H ,F ,470202,4901872165377,1,1071,1350
2000-12-03,1955316,B ,E ,500202,4710114361114,1,108,115
2000-12-06,2095615,C ,F ,130302,4711634002587,1,31,39
2001-01-07,1213201,C ,F ,530110,4710210800463,1,150,199
2000-11-12,1838695,E ,F ,110119,4711258001256,1,28,32
2000-11-02,161084,E ,C ,100311,8804108010105,1,51,69
2001-01-08,1628012,D ,D ,530110,4902430489133,1,232,299
2001-01-24,1718638,B ,D ,100205,4710015202721,1,14,18
2000-11-09,1758207,D ,A ,560517,5010415551030,1,26,38
2001-02-02,177276,C ,D ,780104,4714220783006,1,147,168
2000-12-18,1677096,D ,E ,130206,20307585,1,112,128
2001-01-10,1674767,H ,E ,100305,4712763100113,2,66,90
2001-01-15,1972184,D ,E ,530205,4710314413507,1,87,115
2001-02-10,1983166,E ,F ,110401,4710110910156,1,45,54
2001-01-23,2003795,D ,C ,100507,4710823999561,1,152,189
2000-11-21,1046571,E ,E ,110402,4710088414311,1,53,63
2000-12-03,1196467,D ,E ,100319,7231254883085,1,48,62
2001-01-16,2112596,D ,E ,530603,4710363512015,1,51,59
2000-11-23,2097275,E ,F ,530408,4710094014383,1,123,128
2001-01-21,1529128,E ,C ,100418,4710094022036,1,75,89
2000-12-12,1660654,D ,F ,520452,4711713491172,1,470,495
2001-01-20,1365184,B ,F ,110333,78895122237,1,242,268
2000-11-19,1853322,E ,E ,100201,4710247006050,1,54,59
2000-11-02,1693836,D ,F ,130207,4710105051017,1,14,18
2000-11-23,2145648,B ,D ,100510,4711347006087,1,90,108
2001-01-31,1467727,F ,G ,110114,8413971000597,1,285,370
2001-02-28,1428438,E ,F ,530408,4710094014406,1,148,175
2000-12-08,1733426,F ,E ,130315,4713985863121,1,23,23
2001-01-21,1571905,I ,F ,110508,4714623100011,1,36,45
2000-12-03,1477788,D ,F ,110404,79763111254,1,36,43
2001-01-16,1891492,F ,E ,100418,4711092831682,1,62,85
2000-12-02,2146379,B ,E ,100414,4710375112210,1,81,95
2000-11-02,2091211,D ,F ,120107,4710857472511,2,96,92
2001-02-10,1705454,D ,A ,712902,8888021200720,1,87,95
2001-02-04,1783858,F ,E ,100414,4710375112210,1,100,126
2000-11-07,47340,F ,F ,110217,4719090900058,2,290,258
2001-01-21,749909,C ,F ,530406,4710094021473,1,49,59
2001-02-21,716543,G ,E ,110501,4711885010010,1,39,52
2000-11-18,1846065,K ,H ,110401,4710110910149,2,106,128
2001-02-18,1632286,D ,E ,100103,4711931220110,1,42,52
2000-11-06,1819465,C ,E ,100312,37000442127,2,76,78
2001-01-22,1700664,E ,C ,560103,4710032501722,1,222,275
2000-12-17,641234,D ,E ,760301,4710733413195,1,413,650
2000-11-19,2136813,F ,G ,110501,4716701000060,10,110,160
2001-01-19,950565,E ,E ,110121,4710134023276,1,34,43
2001-02-14,904445,C ,F ,100422,4711985005053,1,33,42
2001-02-09,1451191,I ,F ,110117,4711001917018,2,180,216
2000-12-10,445542,C ,E ,130107,4711686006090,1,35,45
2001-02-25,881814,K ,H ,500305,4719854271752,1,16,23
2001-02-21,2177793,E ,F ,520420,4716349008022,1,15,25
2001-01-06,136303,H ,E ,500202,4713071811159,2,120,98
2001-02-14,205207,C ,F ,530101,4903111146055,2,76,98
2001-02-15,868709,D ,E ,500102,4718433613228,3,186,201
2001-02-15,1791525,F ,E ,120104,4719090702027,2,284,236
2001-01-27,1951622,E ,E ,530603,4710363512008,1,31,33
2000-12-11,1767001,F ,C ,120103,4711524000617,2,34,38
2001-01-14,1754186,C ,E ,300423,4711109412101,1,77,109
2001-02-17,891691,F ,E ,500203,4712425010446,2,176,190
2001-02-15,2175140,E ,E ,110516,4710063121173,6,120,150
2001-02-23,1782721,D ,E ,110404,4710175567135,1,20,26
2001-02-10,1480955,F ,G ,520232,2230123000344,1,32,49
2000-12-10,1796995,G ,H ,130315,4714981010014,1,27,33
2000-12-02,2001234,H ,E ,530502,4710661202120,2,60,84
2000-12-18,2049236,D ,E ,760653,20062361,1,513,699
2001-02-11,2126883,F ,C ,110122,78895770025,1,54,59
2000-11-19,1642599,C ,E ,530302,4710084112860,1,58,79
2000-11-24,1728668,E ,F ,110107,4710063011030,1,43,49
2001-01-22,2065984,F ,H ,100106,8886001012592,1,25,34
2000-11-05,1649727,H ,F ,100205,37000337270,2,76,78
2000-11-12,411271,F ,C ,110411,4710085120697,1,17,19
2001-01-17,1516166,D ,G ,500303,4710367852001,2,42,50
2000-11-09,1719543,D ,D ,130315,4714981010038,2,56,30
2000-11-16,1893168,F ,E ,100208,4710144101452,1,79,85
2001-01-22,889735,G ,F ,110508,4710057870377,4,80,100
2001-02-24,1148121,D ,F ,100202,4710126001114,1,64,78
2000-12-16,1544671,D ,G ,760908,4718427000027,1,650,845
2000-11-06,883344,I ,E ,120112,4711207003027,1,32,45
2000-12-18,1265200,C ,F ,130208,4716248300029,1,24,30
2000-11-26,1813661,C ,G ,560201,4711553171524,2,374,376
2000-11-25,661935,G ,E ,300716,4710223168451,1,57,75
2000-11-05,1252774,E ,E ,110605,4710254015014,1,34,42
2000-12-29,814928,F ,E ,500210,4710114105046,1,141,156
2000-12-18,1617467,D ,C ,500102,4718433613259,1,32,45
2001-01-21,1644739,E ,E ,100201,4710247005299,1,80,85
2000-11-05,1726558,E ,E ,530404,4713089003102,1,145,179
2000-11-15,557818,H ,E ,110117,4710063031144,1,57,85
2001-01-01,911061,C ,F ,110411,4710008212157,1,13,17
2001-01-13,95341,E ,F ,100103,8992741941303,2,46,58
2000-11-29,2113906,A ,F ,730103,4712297010742,1,24,29
2000-12-26,422185,B ,F ,120101,4719090301039,1,42,55
2001-01-17,1590593,A ,C ,300422,5021044025168,1,196,269
2001-02-17,1626490,B ,E ,500210,4710114105046,1,123,129
2001-01-13,2083230,B ,F ,100302,4710603011018,1,42,55
2001-02-18,1818918,E ,F ,110401,4710088410610,1,19,26
2001-01-22,915557,G ,F ,110122,78895770025,1,54,75
2000-12-16,1541298,E ,G ,100512,719859796117,1,20,22
2001-01-25,2034836,E ,E ,100323,4713608110564,1,27,32
2000-12-30,1960846,D ,E ,110407,4710734000318,1,42,50
2001-02-11,443104,F ,E ,110406,4711663700010,3,24,27
2000-11-04,1574661,E ,E ,530302,4710689102013,1,43,59
2000-12-18,2145648,B ,D ,100503,4710105017655,4,140,168
2000-12-15,1834963,F ,F ,500208,4710114316138,1,104,119
2000-12-19,32827,F ,E ,500210,4710104111569,1,92,97
2001-02-09,2103716,E ,G ,520437,4711713010083,1,25,38
2000-11-28,848138,C ,C ,500203,4710114604112,1,75,79
2001-01-22,1114706,I ,E ,130204,4710105015514,1,111,129
2001-01-14,1039139,D ,F ,110411,4710085120628,2,40,44
2001-01-02,2023939,A ,H ,110401,4710088410139,1,48,51
2000-11-01,308359,I ,E ,110507,4710570000220,1,30,38
2000-11-08,368322,E ,E ,130204,4710088434593,1,114,125
2000-11-21,2132181,E ,G ,120104,4710143830155,2,216,258
2001-01-29,2168364,F ,E ,560402,8712045008539,3,1959,1980
2001-02-22,1543650,D ,F ,110812,4710626213314,1,23,27
2000-11-05,813709,G ,F ,100303,4712494211515,1,68,89
2000-11-07,1545425,G ,F ,110407,4712278882115,1,36,45
2000-12-17,219440,D ,F ,100414,9556465300021,1,101,129
2001-01-21,1752069,D ,E ,130102,4711022300035,1,19,25
2001-01-13,702850,E ,E ,560402,4710498123339,1,458,509
2001-01-01,526685,D ,F ,501001,4712987106649,1,41,46
2001-01-14,1824681,E ,F ,110121,4710134023276,1,34,43
2000-12-16,1306255,F ,F ,500206,4710289000016,1,22,29
2000-11-26,368322,E ,E ,110217,4710892100028,1,165,180
2000-11-11,1213379,G ,F ,110107,4710063011030,1,43,50
2001-02-14,1673678,E ,E ,530405,4710036009774,2,104,118
2001-02-04,1984248,C ,E ,110108,4710311703014,2,188,132
2001-02-05,2081434,B ,E ,110217,4712162000038,1,150,145
2000-11-13,1729245,C ,C ,560316,4713627831020,1,66,95
2000-11-14,2085067,D ,E ,100205,4710640109709,1,49,25
2000-12-30,440189,E ,F ,110401,20535414,1,62,84
2000-12-03,183079,E ,G ,100413,4710960892046,1,42,52
2000-11-15,797702,D ,E ,530408,4710094021565,2,160,180
2001-02-18,1260922,F ,E ,110502,4710167221014,1,19,25
2000-12-16,2024325,B ,C ,130110,9310052751203,1,54,66
2001-02-23,646369,F ,F ,100324,4713754987621,1,20,29
2000-12-16,755153,E ,F ,500903,4712076005334,1,66,99
2001-01-13,340441,E ,F ,110217,4710892100028,2,330,341
2001-02-12,43502,D ,E ,130206,4710339030055,1,31,39
2001-01-30,1305272,H ,E ,590301,4710020740089,4,600,796
2000-11-30,2101231,G ,F ,500202,4710114361114,2,216,230
2001-02-09,2144757,G ,F ,110405,4712598000015,1,37,38
2001-01-30,1276459,E ,E ,530105,4710168705056,1,96,104
2001-02-25,426206,K ,F ,100312,4710543310066,3,42,54
2001-01-07,90643,E ,E ,470402,4710333624076,1,107,128
2001-01-25,2060019,B ,G ,500105,4718433613310,1,20,29
2001-01-17,2143743,E ,F ,110105,4710198121048,1,60,75
2001-01-05,974264,E ,F ,120106,4710321861186,1,22,23
2001-02-21,2085944,C ,B ,500804,8853301130622,1,315,339
2000-12-30,1807967,F ,E ,300301,4710049000386,2,66,90
2000-12-27,1682908,G ,E ,100201,4712019100607,1,35,39
2000-12-10,606660,H ,G ,300604,4719860710047,1,32,49
2000-11-04,1972559,I ,E ,130101,4710105023410,1,8,10
2001-02-23,1771299,D ,F ,530407,4710060000099,1,30,19
2001-01-23,1189841,E ,E ,100111,4903316413006,1,28,38
2001-01-26,938846,H ,D ,711203,4971275703278,1,88,114
2000-11-10,2011035,G ,E ,130308,4710670200308,1,17,22
2001-01-30,1994551,A ,F ,130205,4710088433312,1,11,13
2000-11-27,10801,D ,E ,500206,4710289000016,1,15,15
2000-11-05,1538205,D ,D ,760220,4710609150001,3,51,72
2001-01-01,1881127,A ,E ,100310,4711300983325,1,57,80
2001-01-20,1583854,C ,F ,470207,4710333202076,1,164,207
2001-01-20,222747,B ,E ,530408,4710094021565,1,80,95
2000-12-31,1655964,E ,G ,500201,4712425010712,2,242,274
2001-01-13,1855494,H ,F ,100309,4710740600151,3,222,271
2000-11-11,489171,E ,E ,730312,20358938,1,280,399
2001-01-01,1187410,E ,E ,300307,4901301729286,1,108,145
2000-11-01,426541,D ,D ,530107,7038513912056,1,42,60
2001-01-22,353656,D ,E ,130315,4713985863176,1,28,35
2001-02-28,72045,C ,E ,110118,4711001300032,2,42,54
2001-02-15,1665239,D ,D ,100217,28400015547,2,190,216
2000-11-10,1300130,E ,C ,500202,4713071811159,1,66,79
2000-12-16,601825,E ,F ,130204,4710088432353,1,78,88
2000-11-09,2067056,J ,C ,100608,4710311111314,1,74,90
2000-12-09,1626797,E ,E ,120107,4710176042563,1,55,69
2000-11-29,2063829,E ,A ,530406,4710303280172,1,88,88
2000-11-11,2011493,B ,E ,300711,4710424702058,2,44,64
2000-11-04,1982442,C ,F ,110323,4710943109109,1,13,18
2001-02-10,445450,F ,E ,130208,4710105031682,1,16,20
2001-01-18,950121,H ,F ,100515,4710154059828,1,59,69
2001-02-25,1910810,D ,G ,100216,89782013392,1,120,158
2001-02-01,1825145,C ,C ,500201,4710114128038,1,138,146
2000-11-24,1843835,G ,F ,110118,4710063031939,6,246,270
2000-12-23,304832,E ,F ,590521,4715460311219,1,45,62
2001-02-08,2086163,A ,F ,530103,4710049002052,1,81,105
2000-12-08,1600841,I ,G ,110119,4711258007371,1,131,155
2000-12-03,2150482,C ,F ,760656,733879122527,1,41,60
2001-01-11,1838909,E ,D ,110513,48001271340,2,284,254
2000-12-03,128087,D ,F ,110411,4710110241311,1,31,40
2001-02-25,1706543,C ,G ,760235,4714541030018,1,15,20
2001-01-18,1726251,C ,F ,500105,4718433614058,1,18,26
2000-11-18,1658262,D ,F ,100311,4710140200500,1,34,38
2001-01-25,1476774,E ,D ,560104,4710049001000,1,90,130
2001-02-24,113151,E ,C ,130109,4716999010116,1,57,69
2000-12-01,1107937,D ,E ,321304,4710644874757,2,274,360
2000-12-10,1972184,D ,E ,500804,93447706,2,38,48
2001-01-11,1625905,D ,D ,130106,4710583996008,1,18,22
2001-01-08,1577211,B ,E ,530101,4710036027006,1,44,47
2000-11-18,1528237,D ,G ,100310,4717772106897,1,80,105
2001-01-26,2009056,F ,B ,500106,2250271000997,3,39,57
2000-11-10,885591,E ,E ,560349,4711235107018,1,247,320
2001-02-05,1715521,J ,E ,100323,4715874000211,1,12,17
2000-12-31,931366,J ,E ,500201,4710291112172,1,120,128
2000-11-24,883795,E ,E ,110102,4710311010228,1,39,54
2001-01-15,1636154,C ,C ,100303,4710772025236,1,80,89
2000-11-29,1122152,G ,F ,560201,7610053910770,1,334,355
2001-01-22,2087214,C ,E ,500301,4714390001047,1,39,54
2000-11-22,1410785,D ,F ,130106,4711022100017,1,17,19
2000-11-26,310918,E ,E ,100311,4710140101005,1,69,82
2001-01-27,1368284,C ,E ,500509,4718433613761,1,55,79
2000-12-24,175357,G ,E ,100512,719859796124,4,80,72
2000-11-09,1461459,D ,F ,120101,4710088490353,1,121,99
2000-12-12,1894493,C ,E ,130103,4711022600012,3,102,129
2000-12-17,1621518,B ,F ,530105,4710168702079,1,97,118
2001-01-15,1549300,G ,E ,760655,4714541090456,1,180,199
2000-11-18,305082,F ,E ,500303,4710364144307,1,9,15
2000-12-31,268745,I ,E ,130204,4710121023302,1,60,68
2001-01-29,1111064,K ,F ,730719,4718647901043,1,350,490
2001-01-12,1873498,E ,F ,110410,4710088411792,2,48,60
2000-12-30,617413,D ,E ,130204,4710105010182,1,39,45
2001-01-19,1607093,F ,H ,130204,4710063312168,1,112,123
2001-01-21,2139494,D ,C ,320206,4710347876409,1,49,69
2001-02-25,1764093,C ,F ,560204,4710032501791,3,177,195
2000-11-14,47722,G ,E ,530403,4710363384001,1,113,135
2000-12-31,1562903,C ,F ,110217,4710265849066,1,150,152
2001-01-01,1899955,B ,E ,100312,37000329169,1,40,45
2000-11-22,1475746,F ,F ,300104,4714995001664,1,25,31
2001-01-15,1867268,D ,F ,100322,4712603666533,1,306,390
2000-11-29,1561265,H ,E ,530502,4710689103102,3,603,747
2001-02-06,2165455,D ,D ,560201,4902430493505,2,1258,1398
2000-12-26,1794663,C ,F ,110508,9300644131759,1,35,42
2001-01-22,1635003,C ,F ,110401,4710088410139,1,48,54
